Workbook

Sheet 카드이동서비스채널확대_테스트현황(요약)
A1: ■ 기관별 현황 요약
A2: * 전문별 테스트 완료 기준은 하단 설명 참조 | V2: ■ 전체 현황 요약
A3: ** 진척률 60% 미만 기관 붉은색 표기
E4: 980001 | H4: 980002 | I4: 980003 | J4: 980004 | K4: 900N02 | Q4: AC4111 | V4: 구분 | W4: 20%미만 | X4: 40%미만 | Y4: 60%미만 | Z4: 80%미만 | AA4: 100%미만 | AB4: 1
A5: 매입사 | B5: 발급사 | C5: 기관명 | D5: 전체 진척률(%) | E5: 조건1 | F5: 조건2 | G5: 조건3 | H5: 조건1 | I5: 조건1 | J5: 조건1 | K5: 조건1 | L5: 조건2 | M5: 조건3 | N5: 조건4 | O5: 조건5 | P5: 조건6 | Q5: 조건1 | R5: 조건2 | S5: 조건3 | V5: 기관수(11) | W5: =COUNTIFS(D6:D17, ">=0",D6:D17, "<20") -> 3 | X5: =COUNTIFS(D6:D17, ">=20",D6:D17, "<40") -> 5 | Y5: =COUNTIFS(D6:D17, ">=40",D6:D17, "<60") -> 4 | Z5: =COUNTIFS(D6:D17, ">=60",D6:D17, "<80") -> 0 | AA5: =COUNTIFS(D6:D17, ">=80",D6:D17, "<100") -> 0 | AB5: =COUNTIFS(D6:D17, ">=100") -> 0
A6: 381 | B6: 381 | C6: KB국민카드 | D6: =ROUND(COUNTIF(E6:S6,"O")/(COUNTIF(E6:S6,"O")+COUNTIF(E6:S6,"X"))*100,0) -> 40 | E6: ='카드이동서비스채널확대_테스트현황(상세)'!E6 -> O | F6: ='카드이동서비스채널확대_테스트현황(상세)'!F6 -> O | G6: ='카드이동서비스채널확대_테스트현황(상세)'!G6 -> O | H6: ='카드이동서비스채널확대_테스트현황(상세)'!H6 -> O | I6: ='카드이동서비스채널확대_테스트현황(상세)'!I6 -> O | J6: ='카드이동서비스채널확대_테스트현황(상세)'!J6 -> O | K6: ='카드이동서비스채널확대_테스트현황(상세)'!K6 -> X | L6: ='카드이동서비스채널확대_테스트현황(상세)'!L6 -> X | ... P6: ='카드이동서비스채널확대_테스트현황(상세)'!P6 -> X | Q6: ='카드이동서비스채널확대_테스트현황(상세)'!X6 -> X | R6: ='카드이동서비스채널확대_테스트현황(상세)'!Y6 -> X | S6: ='카드이동서비스채널확대_테스트현황(상세)'!Z6 -> X
A7: 365 | B7: 365 | C7: 삼성카드 | D7: =ROUND(COUNTIF(E7:S7,"O")/(COUNTIF(E7:S7,"O")+COUNTIF(E7:S7,"X"))*100,0) -> 36 | E7: ='카드이동서비스채널확대_테스트현황(상세)'!E7 -> O | G7: ='카드이동서비스채널확대_테스트현황(상세)'!G7 -> O | H7: ='카드이동서비스채널확대_테스트현황(상세)'!H7 -> O | I7: ='카드이동서비스채널확대_테스트현황(상세)'!I7 -> O | J7: ='카드이동서비스채널확대_테스트현황(상세)'!J7 -> O | K7: ='카드이동서비스채널확대_테스트현황(상세)'!K7 -> X | L7: ='카드이동서비스채널확대_테스트현황(상세)'!L7 -> X | M7: ='카드이동서비스채널확대_테스트현황(상세)'!M7 -> X | N7: ='카드이동서비스채널확대_테스트현황(상세)'!N7 -> X | ... P7: ='카드이동서비스채널확대_테스트현황(상세)'!P7 -> X | Q7: ='카드이동서비스채널확대_테스트현황(상세)'!X7 -> X | R7: ='카드이동서비스채널확대_테스트현황(상세)'!Y7 -> X | S7: ='카드이동서비스채널확대_테스트현황(상세)'!Z7 -> X
A8: 368 | B8: 368 | C8: 롯데카드 | D8: =ROUND(COUNTIF(E8:S8,"O")/(COUNTIF(E8:S8,"O")+COUNTIF(E8:S8,"X"))*100,0) -> 40 | E8: ='카드이동서비스채널확대_테스트현황(상세)'!E8 -> O | F8: ='카드이동서비스채널확대_테스트현황(상세)'!F8 -> O | G8: ='카드이동서비스채널확대_테스트현황(상세)'!G8 -> O | H8: ='카드이동서비스채널확대_테스트현황(상세)'!H8 -> O | I8: ='카드이동서비스채널확대_테스트현황(상세)'!I8 -> O | J8: ='카드이동서비스채널확대_테스트현황(상세)'!J8 -> O | K8: ='카드이동서비스채널확대_테스트현황(상세)'!K8 -> X | L8: ='카드이동서비스채널확대_테스트현황(상세)'!L8 -> X | ... P8: ='카드이동서비스채널확대_테스트현황(상세)'!P8 -> X | Q8: ='카드이동서비스채널확대_테스트현황(상세)'!X8 -> X | R8: ='카드이동서비스채널확대_테스트현황(상세)'!Y8 -> X | S8: ='카드이동서비스채널확대_테스트현황(상세)'!Z8 -> X
A9: 367 | B9: 367 | C9: 현대카드 | D9: =ROUND(COUNTIF(E9:S9,"O")/(COUNTIF(E9:S9,"O")+COUNTIF(E9:S9,"X"))*100,0) -> 40 | E9: ='카드이동서비스채널확대_테스트현황(상세)'!E9 -> O | F9: ='카드이동서비스채널확대_테스트현황(상세)'!F9 -> O | G9: ='카드이동서비스채널확대_테스트현황(상세)'!G9 -> O | H9: ='카드이동서비스채널확대_테스트현황(상세)'!H9 -> O | I9: ='카드이동서비스채널확대_테스트현황(상세)'!I9 -> O | J9: ='카드이동서비스채널확대_테스트현황(상세)'!J9 -> O | K9: ='카드이동서비스채널확대_테스트현황(상세)'!K9 -> X | L9: ='카드이동서비스채널확대_테스트현황(상세)'!L9 -> X | ... P9: ='카드이동서비스채널확대_테스트현황(상세)'!P9 -> X | Q9: ='카드이동서비스채널확대_테스트현황(상세)'!X9 -> X | R9: ='카드이동서비스채널확대_테스트현황(상세)'!Y9 -> X | S9: ='카드이동서비스채널확대_테스트현황(상세)'!Z9 -> X
A10: 361 | B10: 361 | C10: 비씨카드 | D10: =ROUND(COUNTIF(E10:S10,"O")/(COUNTIF(E10:S10,"O")+COUNTIF(E10:S10,"X"))*100,0) -> 33 | E10: ='카드이동서비스채널확대_테스트현황(상세)'!E10 -> O | F10: ='카드이동서비스채널확대_테스트현황(상세)'!F10 -> O | G10: ='카드이동서비스채널확대_테스트현황(상세)'!G10 -> O | H10: ='카드이동서비스채널확대_테스트현황(상세)'!H10 -> O | I10: ='카드이동서비스채널확대_테스트현황(상세)'!I10 -> O | J10: ='카드이동서비스채널확대_테스트현황(상세)'!J10 -> X | K10: ='카드이동서비스채널확대_테스트현황(상세)'!K10 -> X | L10: ='카드이동서비스채널확대_테스트현황(상세)'!L10 -> X | ... P10: ='카드이동서비스채널확대_테스트현황(상세)'!P10 -> X | Q10: ='카드이동서비스채널확대_테스트현황(상세)'!X10 -> X | R10: ='카드이동서비스채널확대_테스트현황(상세)'!Y10 -> X | S10: ='카드이동서비스채널확대_테스트현황(상세)'!Z10 -> X
A11: 374 | B11: 374 | C11: 하나카드 | D11: =ROUND(COUNTIF(E11:S11,"O")/(COUNTIF(E11:S11,"O")+COUNTIF(E11:S11,"X"))*100,0) -> 40 | E11: ='카드이동서비스채널확대_테스트현황(상세)'!E11 -> O | F11: ='카드이동서비스채널확대_테스트현황(상세)'!F11 -> O | G11: ='카드이동서비스채널확대_테스트현황(상세)'!G11 -> O | H11: ='카드이동서비스채널확대_테스트현황(상세)'!H11 -> O | I11: ='카드이동서비스채널확대_테스트현황(상세)'!I11 -> O | J11: ='카드이동서비스채널확대_테스트현황(상세)'!J11 -> O | K11: ='카드이동서비스채널확대_테스트현황(상세)'!K11 -> X | L11: ='카드이동서비스채널확대_테스트현황(상세)'!L11 -> X | ... P11: ='카드이동서비스채널확대_테스트현황(상세)'!P11 -> X | Q11: ='카드이동서비스채널확대_테스트현황(상세)'!X11 -> X | R11: ='카드이동서비스채널확대_테스트현황(상세)'!Y11 -> X | S11: ='카드이동서비스채널확대_테스트현황(상세)'!Z11 -> X
A12: 366 | B12: 366 | C12: 신한카드 | D12: =ROUND(COUNTIF(E12:S12,"O")/(COUNTIF(E12:S12,"O")+COUNTIF(E12:S12,"X"))*100,0) -> 36 | F12: ='카드이동서비스채널확대_테스트현황(상세)'!F12 -> O | G12: ='카드이동서비스채널확대_테스트현황(상세)'!G12 -> O | H12: ='카드이동서비스채널확대_테스트현황(상세)'!H12 -> O | I12: ='카드이동서비스채널확대_테스트현황(상세)'!I12 -> O | J12: ='카드이동서비스채널확대_테스트현황(상세)'!J12 -> O | K12: ='카드이동서비스채널확대_테스트현황(상세)'!K12 -> X | L12: ='카드이동서비스채널확대_테스트현황(상세)'!L12 -> X | M12: ='카드이동서비스채널확대_테스트현황(상세)'!M12 -> X | ... P12: ='카드이동서비스채널확대_테스트현황(상세)'!P12 -> X | Q12: ='카드이동서비스채널확대_테스트현황(상세)'!X12 -> X | R12: ='카드이동서비스채널확대_테스트현황(상세)'!Y12 -> X | S12: ='카드이동서비스채널확대_테스트현황(상세)'!Z12 -> X
A13: 011 | B13: 011 | C13: 농협카드 | D13: =ROUND(COUNTIF(E13:S13,"O")/(COUNTIF(E13:S13,"O")+COUNTIF(E13:S13,"X"))*100,0) -> 33 | E13: ='카드이동서비스채널확대_테스트현황(상세)'!E13 -> O | F13: ='카드이동서비스채널확대_테스트현황(상세)'!F13 -> O | G13: ='카드이동서비스채널확대_테스트현황(상세)'!G13 -> O | H13: ='카드이동서비스채널확대_테스트현황(상세)'!H13 -> O | I13: ='카드이동서비스채널확대_테스트현황(상세)'!I13 -> O | J13: ='카드이동서비스채널확대_테스트현황(상세)'!J13 -> X | K13: ='카드이동서비스채널확대_테스트현황(상세)'!K13 -> X | L13: ='카드이동서비스채널확대_테스트현황(상세)'!L13 -> X | ... P13: ='카드이동서비스채널확대_테스트현황(상세)'!P13 -> X | Q13: ='카드이동서비스채널확대_테스트현황(상세)'!X13 -> X | R13: ='카드이동서비스채널확대_테스트현황(상세)'!Y13 -> X | S13: ='카드이동서비스채널확대_테스트현황(상세)'!Z13 -> X
A14: 037 | B14: 037 | C14: 전북은행카드 | D14: =ROUND(COUNTIF(E14:S14,"O")/(COUNTIF(E14:S14,"O")+COUNTIF(E14:S14,"X"))*100,0) -> 0 | E14: ='카드이동서비스채널확대_테스트현황(상세)'!E14 -> X | F14: ='카드이동서비스채널확대_테스트현황(상세)'!F14 -> X | G14: ='카드이동서비스채널확대_테스트현황(상세)'!G14 -> X | H14: ='카드이동서비스채널확대_테스트현황(상세)'!H14 -> X | I14: ='카드이동서비스채널확대_테스트현황(상세)'!I14 -> X | J14: ='카드이동서비스채널확대_테스트현황(상세)'!J14 -> X | K14: ='카드이동서비스채널확대_테스트현황(상세)'!K14 -> X | L14: ='카드이동서비스채널확대_테스트현황(상세)'!L14 -> X | ... P14: ='카드이동서비스채널확대_테스트현황(상세)'!P14 -> X | Q14: ='카드이동서비스채널확대_테스트현황(상세)'!X14 -> X | R14: ='카드이동서비스채널확대_테스트현황(상세)'!Y14 -> X | S14: ='카드이동서비스채널확대_테스트현황(상세)'!Z14 -> X
A15: 374 | B15: 092 | C15: 토스뱅크 | D15: =ROUND(COUNTIF(E15:S15,"O")/(COUNTIF(E15:S15,"O")+COUNTIF(E15:S15,"X"))*100,0) -> 25 | I15: ='카드이동서비스채널확대_테스트현황(상세)'!I15 -> O | Q15: ='카드이동서비스채널확대_테스트현황(상세)'!X15 -> X | R15: ='카드이동서비스채널확대_테스트현황(상세)'!Y14 -> X | S15: ='카드이동서비스채널확대_테스트현황(상세)'!Z15 -> X
A16: 381 | B16: 037 | C16: 전북은행 | D16: =ROUND(COUNTIF(E16:S16,"O")/(COUNTIF(E16:S16,"O")+COUNTIF(E16:S16,"X"))*100,0) -> 10 | I16: ='카드이동서비스채널확대_테스트현황(상세)'!I16 -> O | K16: ='카드이동서비스채널확대_테스트현황(상세)'!K16 -> X | L16: ='카드이동서비스채널확대_테스트현황(상세)'!L16 -> X | M16: ='카드이동서비스채널확대_테스트현황(상세)'!M16 -> X | N16: ='카드이동서비스채널확대_테스트현황(상세)'!N16 -> X | O16: ='카드이동서비스채널확대_테스트현황(상세)'!O16 -> X | P16: ='카드이동서비스채널확대_테스트현황(상세)'!P16 -> X | Q16: ='카드이동서비스채널확대_테스트현황(상세)'!X16 -> X | R16: ='카드이동서비스채널확대_테스트현황(상세)'!Y15 -> X | S16: ='카드이동서비스채널확대_테스트현황(상세)'!Z16 -> X
A17: 361 | B17: 089 | C17: 케이뱅크 | D17: =ROUND(COUNTIF(E17:S17,"O")/(COUNTIF(E17:S17,"O")+COUNTIF(E17:S17,"X"))*100,0) -> 0 | I17: ='카드이동서비스채널확대_테스트현황(상세)'!I17 -> X | K17: ='카드이동서비스채널확대_테스트현황(상세)'!K17 -> X | L17: ='카드이동서비스채널확대_테스트현황(상세)'!L17 -> X | M17: ='카드이동서비스채널확대_테스트현황(상세)'!M17 -> X | N17: ='카드이동서비스채널확대_테스트현황(상세)'!N17 -> X | O17: ='카드이동서비스채널확대_테스트현황(상세)'!O17 -> X | P17: ='카드이동서비스채널확대_테스트현황(상세)'!P17 -> X | Q17: ='카드이동서비스채널확대_테스트현황(상세)'!X17 -> X | R17: ='카드이동서비스채널확대_테스트현황(상세)'!Y16 -> X | S17: ='카드이동서비스채널확대_테스트현황(상세)'!Z17 -> X
B20: □ 테스트 완료 기준
B21: ㅇ 980001 전문
B22: (조건1) | C22: 정상 1건 이상
B23: (조건2) | C23: 특정 요금을 지정한 자동납부 목록조회
B24: (조건3) | C24: 자동납부 30건 초과시 페이징 처리
B26: ㅇ 980002 전문
B27: (조건1) | C27: 정상 1건 이상
B29: ㅇ 980003 전문
B30: (조건1) | C30: 정상 1건 이상
B32: ㅇ 980004 전문
B33: (조건1) | C33: 정상 1건 이상 (케이스별)
B35: ㅇ 900N02 전문
B36: (조건1) | C36: 변경 성공 5건 이상
B37: (조건2) | C37: 변경전 실패(해지실패) 1건 이상
B38: (조건3) | C38: 변경 후 무응답(변경전 해지성공) 최종 성공 1건 이상
B39: (조건4) | C39: 변경 후 무응답(변경전 해지성공) 최종 실패 1건 이상
B40: (조건5) | C40: 재신규 성공(변경후 실패) 1건 이상
B41: (조건6) | C41: 재신규 실패(변경후 실패) 1건 이상
B43: ㅇ AC4111 배치
B44: (조건1) | C44: 변경 성공 5건 이상
B45: (조건2) | C45: 통신요금 변경전 해지실패 1건 이상
B46: (조건3) | C46: 통신요금 변경후 신규실패 1건 이상

Sheet 카드이동서비스채널확대_테스트현황(상세)
E2: 980001 | H2: 980002 | I2: 980003 | J2: 980004 | K2: 900N02 | X2: AC4111
E3: 자동납부 목록조회 | H3: 자동납부 상세조회 | I3: 자동납부 변경요청 | J3: 자동납부 변경결과 | K3: 자동납부 신규/해지(4대사회보험,스쿨뱅킹,한국전력,아파트관리비,임대료) | X3: 신규/해지 요청결과(통신비) | AE3: (참고용) 기관별 요금별 참여현황
E4: 조건1 | F4: 조건2 | G4: 조건3 | H4: 조건1 | I4: 조건1 | J4: 조건1 | K4: 조건1 | L4: 조건2 | M4: 조건3 | N4: 조건4 | O4: 조건5 | P4: 조건6 | Q4: S | R4: F | S4: B1 | T4: A1 | U4: A2 | V4: RN1 | W4: RN2 | X4: 조건1 | Y4: 조건2 | Z4: 조건3 | AA4: T1 | AB4: T2 | AC4: T3 | AE4: 통신비 | AF4: 4대보험 | AG4: 스쿨뱅킹 | AH4: 한국전력 | AI4: 아파트 관리비 | AJ4: 임대료
A5: 구분 | B5: 매입사 | C5: 발급사 | D5: 기관명 | Q5: 성공 (5) | R5: 실패 | S5: 변경전 실패 (1) | T5: 무-성 (1) | U5: 무-실 (1) | V5: 재신규 성공 (1) | W5: 재신규실패 (1) | AA5: 성공 (5) | AB5: 전-해지실패 (1) | AC5: 후-신규 실패 (1)
A6: 전업계 | B6: 381 | C6: 381 | D6: KB국민카드 | E6: {=INDIRECT(D6&"!$I$5")} -> O | F6: {=INDIRECT(D6&"!$I$6")} -> O | G6: {=INDIRECT(D6&"!$I$7")} -> O | H6: {=INDIRECT(D6&"!$I$8")} -> O | I6: {=INDIRECT(D6&"!$I$9")} -> O | J6: {=IF(IF(INDIRECT(D6&"!$I$10")="O", 1, 0)+IF(INDIRECT(D6&"!$I$11")="O", 1, 0)+IF(INDIRECT(D6&"!$I$12")="O", 1, 0)+IF(INDIRECT(D6&"!$I$13")="O", 1, 0)+IF(INDIRECT(D6&"!$I$14")="O", 1, 0)>=5, "O", "X")} -> O | K6: =IF(IF(Q6="",0, Q6)>=5, "O", "X") -> X | L6: =IF(IF(S6="",0, S6)>=1, "O", "X") -> X | M6: =IF(IF(T6="",0, T6)>=1, "O", "X") -> X | N6: =IF(IF(U6="",0, U6)>=1, "O", "X") -> X | O6: =IF(IF(V6="",0, V6)>=1, "O", "X") -> X | P6: =IF(IF(W6="",0, W6)>=1, "O", "X") -> X | Q6: =IFERROR(VLOOKUP(CONCATENATE($K$2,$B6,$C6,Q$4),#REF!,2,FALSE),"") | R6: =IFERROR(VLOOKUP(CONCATENATE($K$2,$B6,$C6,R$4),#REF!,2,FALSE),"") | S6: =IFERROR(VLOOKUP(CONCATENATE($K$2,$B6,$C6,S$4),#REF!,2,FALSE),"") | T6: =IFERROR(VLOOKUP(CONCATENATE($K$2,$B6,$C6,T$4),#REF!,2,FALSE),"") | U6: =IFERROR(VLOOKUP(CONCATENATE($K$2,$B6,$C6,U$4),#REF!,2,FALSE),"") | V6: =IFERROR(VLOOKUP(CONCATENATE($K$2,$B6,$C6,V$4),#REF!,2,FALSE),"") | W6: =IFERROR(VLOOKUP(CONCATENATE($K$2,$B6,$C6,W$4),#REF!,2,FALSE),"") | X6: =IF(IF(AA6="",0, AA6)>=5, "O", "X") -> X | Y6: =IF(IF(AB6="",0, AB6)>=1, "O", "X") -> X | Z6: =IF(IF(AC6="",0, AC6)>=1, "O", "X") -> X | AA6: =IFERROR(VLOOKUP(CONCATENATE($X$2,$B6,$C6,AA$4),#REF!,2,FALSE),"") | AB6: =IFERROR(VLOOKUP(CONCATENATE($X$2,$B6,$C6,AB$4),#REF!,2,FALSE),"") | AC6: =IFERROR(VLOOKUP(CONCATENATE($X$2,$B6,$C6,AC$4),#REF!,2,FALSE),"") | AE6: O | AF6: O | AG6: O | AH6: O | AI6: O
B7: 365 | C7: 365 | D7: 삼성카드 | E7: {=INDIRECT(D7&"!$I$5")} -> O | G7: {=INDIRECT(D7&"!$I$7")} -> O | H7: {=INDIRECT(D7&"!$I$8")} -> O | I7: {=INDIRECT(D7&"!$I$9")} -> O | J7: {=IF(IF(INDIRECT(D7&"!$I$10")="O", 1, 0)+IF(INDIRECT(D7&"!$I$11")="O", 1, 0)+IF(INDIRECT(D7&"!$I$12")="O", 1, 0)+IF(INDIRECT(D7&"!$I$13")="O", 1, 0)+IF(INDIRECT(D7&"!$I$14")="O", 1, 0)>=5, "O", "X")} -> O | K7: =IF(IF(Q7="",0, Q7)>=5, "O", "X") -> X | L7: =IF(IF(S7="",0, S7)>=1, "O", "X") -> X | M7: =IF(IF(T7="",0, T7)>=1, "O", "X") -> X | N7: =IF(IF(U7="",0, U7)>=1, "O", "X") -> X | O7: =IF(IF(V7="",0, V7)>=1, "O", "X") -> X | P7: =IF(IF(W7="",0, W7)>=1, "O", "X") -> X | Q7: =IFERROR(VLOOKUP(CONCATENATE($K$2,$B7,$C7,Q$4),#REF!,2,FALSE),"") | R7: =IFERROR(VLOOKUP(CONCATENATE($K$2,$B7,$C7,R$4),#REF!,2,FALSE),"") | S7: =IFERROR(VLOOKUP(CONCATENATE($K$2,$B7,$C7,S$4),#REF!,2,FALSE),"") | T7: =IFERROR(VLOOKUP(CONCATENATE($K$2,$B7,$C7,T$4),#REF!,2,FALSE),"") | U7: =IFERROR(VLOOKUP(CONCATENATE($K$2,$B7,$C7,U$4),#REF!,2,FALSE),"") | V7: =IFERROR(VLOOKUP(CONCATENATE($K$2,$B7,$C7,V$4),#REF!,2,FALSE),"") | W7: =IFERROR(VLOOKUP(CONCATENATE($K$2,$B7,$C7,W$4),#REF!,2,FALSE),"") | X7: =IF(IF(AA7="",0, AA7)>=5, "O", "X") -> X | Y7: =IF(IF(AB7="",0, AB7)>=1, "O", "X") -> X | Z7: =IF(IF(AC7="",0, AC7)>=1, "O", "X") -> X | AA7: =IFERROR(VLOOKUP(CONCATENATE($X$2,$B7,$C7,AA$4),#REF!,2,FALSE),"") | AB7: =IFERROR(VLOOKUP(CONCATENATE($X$2,$B7,$C7,AB$4),#REF!,2,FALSE),"") | AC7: =IFERROR(VLOOKUP(CONCATENATE($X$2,$B7,$C7,AC$4),#REF!,2,FALSE),"") | AE7: O | AF7: O | AG7: O | AH7: O | AI7: O
B8: 368 | C8: 368 | D8: 롯데카드 | E8: {=INDIRECT(D8&"!$I$5")} -> O | F8: {=INDIRECT(D8&"!$I$6")} -> O | G8: {=INDIRECT(D8&"!$I$7")} -> O | H8: {=INDIRECT(D8&"!$I$8")} -> O | I8: {=INDIRECT(D8&"!$I$9")} -> O | J8: {=IF(IF(INDIRECT(D8&"!$I$10")="O", 1, 0)+IF(INDIRECT(D8&"!$I$11")="O", 1, 0)+IF(INDIRECT(D8&"!$I$12")="O", 1, 0)+IF(INDIRECT(D8&"!$I$13")="O", 1, 0)+IF(INDIRECT(D8&"!$I$14")="O", 1, 0)>=5, "O", "X")} -> O | K8: =IF(IF(Q8="",0, Q8)>=5, "O", "X") -> X | L8: =IF(IF(S8="",0, S8)>=1, "O", "X") -> X | M8: =IF(IF(T8="",0, T8)>=1, "O", "X") -> X | N8: =IF(IF(U8="",0, U8)>=1, "O", "X") -> X | O8: =IF(IF(V8="",0, V8)>=1, "O", "X") -> X | P8: =IF(IF(W8="",0, W8)>=1, "O", "X") -> X | Q8: =IFERROR(VLOOKUP(CONCATENATE($K$2,$B8,$C8,Q$4),#REF!,2,FALSE),"") | R8: =IFERROR(VLOOKUP(CONCATENATE($K$2,$B8,$C8,R$4),#REF!,2,FALSE),"") | S8: =IFERROR(VLOOKUP(CONCATENATE($K$2,$B8,$C8,S$4),#REF!,2,FALSE),"") | T8: =IFERROR(VLOOKUP(CONCATENATE($K$2,$B8,$C8,T$4),#REF!,2,FALSE),"") | U8: =IFERROR(VLOOKUP(CONCATENATE($K$2,$B8,$C8,U$4),#REF!,2,FALSE),"") | V8: =IFERROR(VLOOKUP(CONCATENATE($K$2,$B8,$C8,V$4),#REF!,2,FALSE),"") | W8: =IFERROR(VLOOKUP(CONCATENATE($K$2,$B8,$C8,W$4),#REF!,2,FALSE),"") | X8: =IF(IF(AA8="",0, AA8)>=5, "O", "X") -> X | Y8: =IF(IF(AB8="",0, AB8)>=1, "O", "X") -> X | Z8: =IF(IF(AC8="",0, AC8)>=1, "O", "X") -> X | AA8: =IFERROR(VLOOKUP(CONCATENATE($X$2,$B8,$C8,AA$4),#REF!,2,FALSE),"") | AB8: =IFERROR(VLOOKUP(CONCATENATE($X$2,$B8,$C8,AB$4),#REF!,2,FALSE),"") | AC8: =IFERROR(VLOOKUP(CONCATENATE($X$2,$B8,$C8,AC$4),#REF!,2,FALSE),"") | AE8: O | AF8: O | AG8: O | AH8: O | AI8: O | AJ8: O
B9: 367 | C9: 367 | D9: 현대카드 | E9: {=INDIRECT(D9&"!$I$5")} -> O | F9: {=INDIRECT(D9&"!$I$6")} -> O | G9: {=INDIRECT(D9&"!$I$7")} -> O | H9: {=INDIRECT(D9&"!$I$8")} -> O | I9: {=INDIRECT(D9&"!$I$9")} -> O | J9: {=IF(IF(INDIRECT(D9&"!$I$10")="O", 1, 0)+IF(INDIRECT(D9&"!$I$11")="O", 1, 0)+IF(INDIRECT(D9&"!$I$12")="O", 1, 0)+IF(INDIRECT(D9&"!$I$13")="O", 1, 0)+IF(INDIRECT(D9&"!$I$14")="O", 1, 0)>=5, "O", "X")} -> O | K9: =IF(IF(Q9="",0, Q9)>=5, "O", "X") -> X | L9: =IF(IF(S9="",0, S9)>=1, "O", "X") -> X | M9: =IF(IF(T9="",0, T9)>=1, "O", "X") -> X | N9: =IF(IF(U9="",0, U9)>=1, "O", "X") -> X | O9: =IF(IF(V9="",0, V9)>=1, "O", "X") -> X | P9: =IF(IF(W9="",0, W9)>=1, "O", "X") -> X | Q9: =IFERROR(VLOOKUP(CONCATENATE($K$2,$B9,$C9,Q$4),#REF!,2,FALSE),"") | R9: =IFERROR(VLOOKUP(CONCATENATE($K$2,$B9,$C9,R$4),#REF!,2,FALSE),"") | S9: =IFERROR(VLOOKUP(CONCATENATE($K$2,$B9,$C9,S$4),#REF!,2,FALSE),"") | T9: =IFERROR(VLOOKUP(CONCATENATE($K$2,$B9,$C9,T$4),#REF!,2,FALSE),"") | U9: =IFERROR(VLOOKUP(CONCATENATE($K$2,$B9,$C9,U$4),#REF!,2,FALSE),"") | V9: =IFERROR(VLOOKUP(CONCATENATE($K$2,$B9,$C9,V$4),#REF!,2,FALSE),"") | W9: =IFERROR(VLOOKUP(CONCATENATE($K$2,$B9,$C9,W$4),#REF!,2,FALSE),"") | X9: =IF(IF(AA9="",0, AA9)>=5, "O", "X") -> X | Y9: =IF(IF(AB9="",0, AB9)>=1, "O", "X") -> X | Z9: =IF(IF(AC9="",0, AC9)>=1, "O", "X") -> X | AA9: =IFERROR(VLOOKUP(CONCATENATE($X$2,$B9,$C9,AA$4),#REF!,2,FALSE),"") | AB9: =IFERROR(VLOOKUP(CONCATENATE($X$2,$B9,$C9,AB$4),#REF!,2,FALSE),"") | AC9: =IFERROR(VLOOKUP(CONCATENATE($X$2,$B9,$C9,AC$4),#REF!,2,FALSE),"") | AE9: O | AF9: O | AG9: O | AH9: O | AI9: O
B10: 361 | C10: 361 | D10: 비씨카드 | E10: {=INDIRECT(D10&"!$I$5")} -> O | F10: {=INDIRECT(D10&"!$I$6")} -> O | G10: {=INDIRECT(D10&"!$I$7")} -> O | H10: {=INDIRECT(D10&"!$I$8")} -> O | I10: {=INDIRECT(D10&"!$I$9")} -> O | J10: {=IF(IF(INDIRECT(D10&"!$I$10")="O", 1, 0)+IF(INDIRECT(D10&"!$I$11")="O", 1, 0)+IF(INDIRECT(D10&"!$I$12")="O", 1, 0)+IF(INDIRECT(D10&"!$I$13")="O", 1, 0)+IF(INDIRECT(D10&"!$I$14")="O", 1, 0)>=5, "O", "X")} -> X | K10: =IF(IF(Q10="",0, Q10)>=5, "O", "X") -> X | L10: =IF(IF(S10="",0, S10)>=1, "O", "X") -> X | M10: =IF(IF(T10="",0, T10)>=1, "O", "X") -> X | N10: =IF(IF(U10="",0, U10)>=1, "O", "X") -> X | O10: =IF(IF(V10="",0, V10)>=1, "O", "X") -> X | P10: =IF(IF(W10="",0, W10)>=1, "O", "X") -> X | Q10: =IFERROR(VLOOKUP(CONCATENATE($K$2,$B10,$C10,Q$4),#REF!,2,FALSE),"") | R10: =IFERROR(VLOOKUP(CONCATENATE($K$2,$B10,$C10,R$4),#REF!,2,FALSE),"") | S10: =IFERROR(VLOOKUP(CONCATENATE($K$2,$B10,$C10,S$4),#REF!,2,FALSE),"") | T10: =IFERROR(VLOOKUP(CONCATENATE($K$2,$B10,$C10,T$4),#REF!,2,FALSE),"") | U10: =IFERROR(VLOOKUP(CONCATENATE($K$2,$B10,$C10,U$4),#REF!,2,FALSE),"") | V10: =IFERROR(VLOOKUP(CONCATENATE($K$2,$B10,$C10,V$4),#REF!,2,FALSE),"") | W10: =IFERROR(VLOOKUP(CONCATENATE($K$2,$B10,$C10,W$4),#REF!,2,FALSE),"") | X10: =IF(IF(AA10="",0, AA10)>=5, "O", "X") -> X | Y10: =IF(IF(AB10="",0, AB10)>=1, "O", "X") -> X | Z10: =IF(IF(AC10="",0, AC10)>=1, "O", "X") -> X | AA10: =IFERROR(VLOOKUP(CONCATENATE($X$2,$B10,$C10,AA$4),#REF!,2,FALSE),"") | AB10: =IFERROR(VLOOKUP(CONCATENATE($X$2,$B10,$C10,AB$4),#REF!,2,FALSE),"") | AC10: =IFERROR(VLOOKUP(CONCATENATE($X$2,$B10,$C10,AC$4),#REF!,2,FALSE),"") | AE10: O | AF10: O | AG10: O | AH10: O | AI10: O
B11: 374 | C11: 374 | D11: 하나카드 | E11: {=INDIRECT(D11&"!$I$5")} -> O | F11: {=INDIRECT(D11&"!$I$6")} -> O | G11: {=INDIRECT(D11&"!$I$7")} -> O | H11: {=INDIRECT(D11&"!$I$8")} -> O | I11: {=INDIRECT(D11&"!$I$9")} -> O | J11: {=IF(IF(INDIRECT(D11&"!$I$10")="O", 1, 0)+IF(INDIRECT(D11&"!$I$11")="O", 1, 0)+IF(INDIRECT(D11&"!$I$12")="O", 1, 0)+IF(INDIRECT(D11&"!$I$13")="O", 1, 0)+IF(INDIRECT(D11&"!$I$14")="O", 1, 0)>=5, "O", "X")} -> O | K11: =IF(IF(Q11="",0, Q11)>=5, "O", "X") -> X | L11: =IF(IF(S11="",0, S11)>=1, "O", "X") -> X | M11: =IF(IF(T11="",0, T11)>=1, "O", "X") -> X | N11: =IF(IF(U11="",0, U11)>=1, "O", "X") -> X | O11: =IF(IF(V11="",0, V11)>=1, "O", "X") -> X | P11: =IF(IF(W11="",0, W11)>=1, "O", "X") -> X | Q11: =IFERROR(VLOOKUP(CONCATENATE($K$2,$B11,$C11,Q$4),#REF!,2,FALSE),"") | R11: =IFERROR(VLOOKUP(CONCATENATE($K$2,$B11,$C11,R$4),#REF!,2,FALSE),"") | S11: =IFERROR(VLOOKUP(CONCATENATE($K$2,$B11,$C11,S$4),#REF!,2,FALSE),"") | T11: =IFERROR(VLOOKUP(CONCATENATE($K$2,$B11,$C11,T$4),#REF!,2,FALSE),"") | U11: =IFERROR(VLOOKUP(CONCATENATE($K$2,$B11,$C11,U$4),#REF!,2,FALSE),"") | V11: =IFERROR(VLOOKUP(CONCATENATE($K$2,$B11,$C11,V$4),#REF!,2,FALSE),"") | W11: =IFERROR(VLOOKUP(CONCATENATE($K$2,$B11,$C11,W$4),#REF!,2,FALSE),"") | X11: =IF(IF(AA11="",0, AA11)>=5, "O", "X") -> X | Y11: =IF(IF(AB11="",0, AB11)>=1, "O", "X") -> X | Z11: =IF(IF(AC11="",0, AC11)>=1, "O", "X") -> X | AA11: =IFERROR(VLOOKUP(CONCATENATE($X$2,$B11,$C11,AA$4),#REF!,2,FALSE),"") | AB11: =IFERROR(VLOOKUP(CONCATENATE($X$2,$B11,$C11,AB$4),#REF!,2,FALSE),"") | AC11: =IFERROR(VLOOKUP(CONCATENATE($X$2,$B11,$C11,AC$4),#REF!,2,FALSE),"") | AE11: O | AF11: O | AG11: O | AH11: O | AI11: O
B12: 366 | C12: 366 | D12: 신한카드 | F12: {=INDIRECT(D12&"!$I$6")} -> O | G12: {=INDIRECT(D12&"!$I$7")} -> O | H12: {=INDIRECT(D12&"!$I$8")} -> O | I12: {=INDIRECT(D12&"!$I$9")} -> O | J12: {=IF(IF(INDIRECT(D12&"!$I$10")="O", 1, 0)+IF(INDIRECT(D12&"!$I$11")="O", 1, 0)+IF(INDIRECT(D12&"!$I$12")="O", 1, 0)+IF(INDIRECT(D12&"!$I$13")="O", 1, 0)+IF(INDIRECT(D12&"!$I$14")="O", 1, 0)>=5, "O", "X")} -> O | K12: =IF(IF(Q12="",0, Q12)>=5, "O", "X") -> X | L12: =IF(IF(S12="",0, S12)>=1, "O", "X") -> X | M12: =IF(IF(T12="",0, T12)>=1, "O", "X") -> X | N12: =IF(IF(U12="",0, U12)>=1, "O", "X") -> X | O12: =IF(IF(V12="",0, V12)>=1, "O", "X") -> X | P12: =IF(IF(W12="",0, W12)>=1, "O", "X") -> X | Q12: =IFERROR(VLOOKUP(CONCATENATE($K$2,$B12,$C12,Q$4),#REF!,2,FALSE),"") | R12: =IFERROR(VLOOKUP(CONCATENATE($K$2,$B12,$C12,R$4),#REF!,2,FALSE),"") | S12: =IFERROR(VLOOKUP(CONCATENATE($K$2,$B12,$C12,S$4),#REF!,2,FALSE),"") | T12: =IFERROR(VLOOKUP(CONCATENATE($K$2,$B12,$C12,T$4),#REF!,2,FALSE),"") | U12: =IFERROR(VLOOKUP(CONCATENATE($K$2,$B12,$C12,U$4),#REF!,2,FALSE),"") | V12: =IFERROR(VLOOKUP(CONCATENATE($K$2,$B12,$C12,V$4),#REF!,2,FALSE),"") | W12: =IFERROR(VLOOKUP(CONCATENATE($K$2,$B12,$C12,W$4),#REF!,2,FALSE),"") | X12: =IF(IF(AA12="",0, AA12)>=5, "O", "X") -> X | Y12: =IF(IF(AB12="",0, AB12)>=1, "O", "X") -> X | Z12: =IF(IF(AC12="",0, AC12)>=1, "O", "X") -> X | AA12: =IFERROR(VLOOKUP(CONCATENATE($X$2,$B12,$C12,AA$4),#REF!,2,FALSE),"") | AB12: =IFERROR(VLOOKUP(CONCATENATE($X$2,$B12,$C12,AB$4),#REF!,2,FALSE),"") | AC12: =IFERROR(VLOOKUP(CONCATENATE($X$2,$B12,$C12,AC$4),#REF!,2,FALSE),"") | AE12: O | AF12: O | AG12: O | AH12: O | AI12: O | AJ12: O
B13: 011 | C13: 011 | D13: 농협카드 | E13: {=INDIRECT(D13&"!$I$5")} -> O | F13: {=INDIRECT(D13&"!$I$6")} -> O | G13: {=INDIRECT(D13&"!$I$7")} -> O | H13: {=INDIRECT(D13&"!$I$8")} -> O | I13: {=INDIRECT(D13&"!$I$9")} -> O | J13: {=IF(IF(INDIRECT(D13&"!$I$10")="O", 1, 0)+IF(INDIRECT(D13&"!$I$11")="O", 1, 0)+IF(INDIRECT(D13&"!$I$12")="O", 1, 0)+IF(INDIRECT(D13&"!$I$13")="O", 1, 0)+IF(INDIRECT(D13&"!$I$14")="O", 1, 0)>=5, "O", "X")} -> X | K13: =IF(IF(Q13="",0, Q13)>=5, "O", "X") -> X | L13: =IF(IF(S13="",0, S13)>=1, "O", "X") -> X | M13: =IF(IF(T13="",0, T13)>=1, "O", "X") -> X | N13: =IF(IF(U13="",0, U13)>=1, "O", "X") -> X | O13: =IF(IF(V13="",0, V13)>=1, "O", "X") -> X | P13: =IF(IF(W13="",0, W13)>=1, "O", "X") -> X | Q13: =IFERROR(VLOOKUP(CONCATENATE($K$2,$B13,$C13,Q$4),#REF!,2,FALSE),"") | R13: =IFERROR(VLOOKUP(CONCATENATE($K$2,$B13,$C13,R$4),#REF!,2,FALSE),"") | S13: =IFERROR(VLOOKUP(CONCATENATE($K$2,$B13,$C13,S$4),#REF!,2,FALSE),"") | T13: =IFERROR(VLOOKUP(CONCATENATE($K$2,$B13,$C13,T$4),#REF!,2,FALSE),"") | U13: =IFERROR(VLOOKUP(CONCATENATE($K$2,$B13,$C13,U$4),#REF!,2,FALSE),"") | V13: =IFERROR(VLOOKUP(CONCATENATE($K$2,$B13,$C13,V$4),#REF!,2,FALSE),"") | W13: =IFERROR(VLOOKUP(CONCATENATE($K$2,$B13,$C13,W$4),#REF!,2,FALSE),"") | X13: =IF(IF(AA13="",0, AA13)>=5, "O", "X") -> X | Y13: =IF(IF(AB13="",0, AB13)>=1, "O", "X") -> X | Z13: =IF(IF(AC13="",0, AC13)>=1, "O", "X") -> X | AA13: =IFERROR(VLOOKUP(CONCATENATE($X$2,$B13,$C13,AA$4),#REF!,2,FALSE),"") | AB13: =IFERROR(VLOOKUP(CONCATENATE($X$2,$B13,$C13,AB$4),#REF!,2,FALSE),"") | AC13: =IFERROR(VLOOKUP(CONCATENATE($X$2,$B13,$C13,AC$4),#REF!,2,FALSE),"") | AE13: O | AF13: O | AG13: O | AH13: O | AI13: O | AJ13: O
B14: 037 | C14: 037 | D14: 전북은행카드 | E14: {=INDIRECT(D14&"!$I$5")} -> X | F14: {=INDIRECT(D14&"!$I$6")} -> X | G14: {=INDIRECT(D14&"!$I$7")} -> X | H14: {=INDIRECT(D14&"!$I$8")} -> X | I14: {=INDIRECT(D14&"!$I$9")} -> X | J14: {=IF(IF(INDIRECT(D14&"!$I$10")="O", 1, 0)+IF(INDIRECT(D14&"!$I$11")="O", 1, 0)+IF(INDIRECT(D14&"!$I$12")="O", 1, 0)+IF(INDIRECT(D14&"!$I$13")="O", 1, 0)+IF(INDIRECT(D14&"!$I$14")="O", 1, 0)>=5, "O", "X")} -> X | K14: =IF(IF(Q14="",0, Q14)>=5, "O", "X") -> X | L14: =IF(IF(S14="",0, S14)>=1, "O", "X") -> X | M14: =IF(IF(T14="",0, T14)>=1, "O", "X") -> X | N14: =IF(IF(U14="",0, U14)>=1, "O", "X") -> X | O14: =IF(IF(V14="",0, V14)>=1, "O", "X") -> X | P14: =IF(IF(W14="",0, W14)>=1, "O", "X") -> X | Q14: =IFERROR(VLOOKUP(CONCATENATE($K$2,$B14,$C14,Q$4),#REF!,2,FALSE),"") | R14: =IFERROR(VLOOKUP(CONCATENATE($K$2,$B14,$C14,R$4),#REF!,2,FALSE),"") | S14: =IFERROR(VLOOKUP(CONCATENATE($K$2,$B14,$C14,S$4),#REF!,2,FALSE),"") | T14: =IFERROR(VLOOKUP(CONCATENATE($K$2,$B14,$C14,T$4),#REF!,2,FALSE),"") | U14: =IFERROR(VLOOKUP(CONCATENATE($K$2,$B14,$C14,U$4),#REF!,2,FALSE),"") | V14: =IFERROR(VLOOKUP(CONCATENATE($K$2,$B14,$C14,V$4),#REF!,2,FALSE),"") | W14: =IFERROR(VLOOKUP(CONCATENATE($K$2,$B14,$C14,W$4),#REF!,2,FALSE),"") | X14: =IF(IF(AA14="",0, AA14)>=5, "O", "X") -> X | Y14: =IF(IF(AB14="",0, AB14)>=1, "O", "X") -> X | Z14: =IF(IF(AC14="",0, AC14)>=1, "O", "X") -> X | AA14: =IFERROR(VLOOKUP(CONCATENATE($X$2,$B14,$C14,AA$4),#REF!,2,FALSE),"") | AB14: =IFERROR(VLOOKUP(CONCATENATE($X$2,$B14,$C14,AB$4),#REF!,2,FALSE),"") | AC14: =IFERROR(VLOOKUP(CONCATENATE($X$2,$B14,$C14,AC$4),#REF!,2,FALSE),"") | AH14: O
A15: 겸영계 | B15: 374 | C15: 092 | D15: 토스뱅크 | I15: {=INDIRECT(D15&"!$I$5")} -> O | X15: =IF(IF(AA15="",0, AA15)>=5, "O", "X") -> X | Y15: =IF(IF(AB15="",0, AB15)>=1, "O", "X") -> X | Z15: =IF(IF(AC15="",0, AC15)>=1, "O", "X") -> X | AA15: =IFERROR(VLOOKUP(CONCATENATE($X$2,$B15,$C15,AA$4),#REF!,2,FALSE),"") | AB15: =IFERROR(VLOOKUP(CONCATENATE($X$2,$B15,$C15,AB$4),#REF!,2,FALSE),"") | AC15: =IFERROR(VLOOKUP(CONCATENATE($X$2,$B15,$C15,AC$4),#REF!,2,FALSE),"") | AE15: O
B16: 381 | C16: 037 | D16: 전북은행 | I16: {=INDIRECT(D16&"!$I$5")} -> O | K16: =IF(IF(Q16="",0, Q16)>=5, "O", "X") -> X | L16: =IF(IF(S16="",0, S16)>=1, "O", "X") -> X | M16: =IF(IF(T16="",0, T16)>=1, "O", "X") -> X | N16: =IF(IF(U16="",0, U16)>=1, "O", "X") -> X | O16: =IF(IF(V16="",0, V16)>=1, "O", "X") -> X | P16: =IF(IF(W16="",0, W16)>=1, "O", "X") -> X | Q16: =IFERROR(VLOOKUP(CONCATENATE($K$2,$B16,$C16,Q$4),#REF!,2,FALSE),"") | R16: =IFERROR(VLOOKUP(CONCATENATE($K$2,$B16,$C16,R$4),#REF!,2,FALSE),"") | S16: =IFERROR(VLOOKUP(CONCATENATE($K$2,$B16,$C16,S$4),#REF!,2,FALSE),"") | T16: =IFERROR(VLOOKUP(CONCATENATE($K$2,$B16,$C16,T$4),#REF!,2,FALSE),"") | U16: =IFERROR(VLOOKUP(CONCATENATE($K$2,$B16,$C16,U$4),#REF!,2,FALSE),"") | V16: =IFERROR(VLOOKUP(CONCATENATE($K$2,$B16,$C16,V$4),#REF!,2,FALSE),"") | W16: =IFERROR(VLOOKUP(CONCATENATE($K$2,$B16,$C16,W$4),#REF!,2,FALSE),"") | X16: =IF(IF(AA16="",0, AA16)>=5, "O", "X") -> X | Y16: =IF(IF(AB16="",0, AB16)>=1, "O", "X") -> X | Z16: =IF(IF(AC16="",0, AC16)>=1, "O", "X") -> X | AA16: =IFERROR(VLOOKUP(CONCATENATE($X$2,$B16,$C16,AA$4),#REF!,2,FALSE),"") | AB16: =IFERROR(VLOOKUP(CONCATENATE($X$2,$B16,$C16,AB$4),#REF!,2,FALSE),"") | AC16: =IFERROR(VLOOKUP(CONCATENATE($X$2,$B16,$C16,AC$4),#REF!,2,FALSE),"") | AE16: O | AF16: O | AG16: O | AI16: O | AJ16: O
B17: 361 | C17: 089 | D17: 케이뱅크 | I17: {=INDIRECT(D17&"!$I$5")} -> X | K17: =IF(IF(Q17="",0, Q17)>=5, "O", "X") -> X | L17: =IF(IF(S17="",0, S17)>=1, "O", "X") -> X | M17: =IF(IF(T17="",0, T17)>=1, "O", "X") -> X | N17: =IF(IF(U17="",0, U17)>=1, "O", "X") -> X | O17: =IF(IF(V17="",0, V17)>=1, "O", "X") -> X | P17: =IF(IF(W17="",0, W17)>=1, "O", "X") -> X | Q17: =IFERROR(VLOOKUP(CONCATENATE($K$2,$B17,$C17,Q$4),#REF!,2,FALSE),"") | R17: =IFERROR(VLOOKUP(CONCATENATE($K$2,$B17,$C17,R$4),#REF!,2,FALSE),"") | S17: =IFERROR(VLOOKUP(CONCATENATE($K$2,$B17,$C17,S$4),#REF!,2,FALSE),"") | T17: =IFERROR(VLOOKUP(CONCATENATE($K$2,$B17,$C17,T$4),#REF!,2,FALSE),"") | U17: =IFERROR(VLOOKUP(CONCATENATE($K$2,$B17,$C17,U$4),#REF!,2,FALSE),"") | V17: =IFERROR(VLOOKUP(CONCATENATE($K$2,$B17,$C17,V$4),#REF!,2,FALSE),"") | W17: =IFERROR(VLOOKUP(CONCATENATE($K$2,$B17,$C17,W$4),#REF!,2,FALSE),"") | X17: =IF(IF(AA17="",0, AA17)>=5, "O", "X") -> X | Y17: =IF(IF(AB17="",0, AB17)>=1, "O", "X") -> X | Z17: =IF(IF(AC17="",0, AC17)>=1, "O", "X") -> X | AA17: =IFERROR(VLOOKUP(CONCATENATE($X$2,$B17,$C17,AA$4),#REF!,2,FALSE),"") | AB17: =IFERROR(VLOOKUP(CONCATENATE($X$2,$B17,$C17,AB$4),#REF!,2,FALSE),"") | AC17: =IFERROR(VLOOKUP(CONCATENATE($X$2,$B17,$C17,AC$4),#REF!,2,FALSE),"") | AE17: O | AF17: O | AG17: O | AH17: O | AI17: O
B19: □ 테스트 완료 기준
B20: ㅇ 980001 전문
B21: (조건1) | C21: 정상 1건 이상
B22: (조건2) | C22: 특정 요금을 지정한 자동납부 목록조회
B23: (조건3) | C23: 자동납부 30건 초과시 페이징 처리
B25: ㅇ 980002 전문
B26: (조건1) | C26: 정상 1건 이상
B28: ㅇ 980003 전문
B29: (조건1) | C29: 정상 1건 이상
B31: ㅇ 980004 전문
B32: (조건1) | C32: 정상 1건 이상 (케이스별)
B34: ㅇ 900N02 전문
B35: (조건1) | C35: 변경 성공 5건 이상
B36: (조건2) | C36: 변경전 실패(해지실패) 1건 이상
B37: (조건3) | C37: 변경 후 무응답(변경전 해지성공) 최종 성공 1건 이상
B38: (조건4) | C38: 변경 후 무응답(변경전 해지성공) 최종 실패 1건 이상
B39: (조건5) | C39: 재신규 성공(변경후 실패) 1건 이상
B40: (조건6) | C40: 재신규 실패(변경후 실패) 1건 이상
B42: ㅇ AC4111 배치
B43: (조건1) | C43: 변경 성공 5건 이상
B44: (조건2) | C44: 통신요금 변경전 해지실패 1건 이상
B45: (조건3) | C45: 통신요금 변경후 신규실패 1건 이상

Sheet KB국민카드
A2: 카드사 | B2: 전문구분 | C2: 테스트 케이스 | D2: 해지 (900N02) (AC3/4111) | E2: 신규 (900N02) (AC3/4111) | F2: 재신규 (900N02) | G2: 확인 일시 | H2: 거래고유번호 | I2: 통과여부
A5: 국민 | B5: 980001 | C5: 전체 조회 성공 | G5: 2.2 13:02:43 | H5: 381000323951 | I5: =IF(NOT(ISBLANK(G5))*NOT(ISBLANK(H5))=1, "O", "X") -> O
A6: 국민 | B6: 980001 | C6: 요금별 조회 (요금구분코드 SET) | G6: 2.2 13:20:39 | H6: 381000323961 | I6: =IF(NOT(ISBLANK(G6))*NOT(ISBLANK(H6))=1, "O", "X") -> O
A7: 국민 | B7: 980001 | C7: 페이징 처리 (목록 > 1) | G7: 2.2 13:18:33 | H7: 381000323957 | I7: =IF(NOT(ISBLANK(G7))*NOT(ISBLANK(H7))=1, "O", "X") -> O
A8: 국민 | B8: 980002 | C8: 상세 조회 성공 | G8: 1.30 17:05:30 | H8: 381000323751 | I8: =IF(NOT(ISBLANK(G8))*NOT(ISBLANK(H8))=1, "O", "X") -> O
A9: 국민 | B9: 980003 | C9: 변경 접수 성공 | G9: 2.12 15:17:40 | H9: 381000095672 | I9: =IF(NOT(ISBLANK(G9))*NOT(ISBLANK(H9))=1, "O", "X") -> O
A10: 국민 | B10: 980004 | C10: 변경 결과 조회 (변경 성공) (재신규여부:N, 결과코드:0000) | D10: 성공 | E10: 성공 | G10: 2.11 16:44:07 | H10: 381000331383 | I10: =IF(NOT(ISBLANK(G10))*NOT(ISBLANK(H10))=1, "O", "X") -> O
A11: 국민 | B11: 980004 | C11: 변경 결과 조회 (해지 실패) (재신규여부:N, 결과코드:1920) | D11: 실패 | G11: 2.6 16:45:01 | H11: 381000328920 | I11: =IF(NOT(ISBLANK(G11))*NOT(ISBLANK(H11))=1, "O", "X") -> O
A12: 국민 | B12: 980004 | C12: 변경 결과 조회 (해지/신규무응답) (재신규여부:N, 결과코드:1924) | D12: 성공 | E12: 무응답 | G12: 2.6 15:14:13 | H12: 381000328622 | I12: =IF(NOT(ISBLANK(G12))*NOT(ISBLANK(H12))=1, "O", "X") -> O
A13: 국민 | B13: 980004 | C13: 변경 결과 조회 (해지/신규실패/재신규성공) (재신규여부:Y, 결과코드:0000) | D13: 성공 | E13: 실패 | F13: 성공 | G13: 2.6 15:46:52 | H13: 381000328812 | I13: =IF(NOT(ISBLANK(G13))*NOT(ISBLANK(H13))=1, "O", "X") -> O
A14: 국민 | B14: 980004 | C14: 변경 결과 조회 (해지/신규실패/재신규실패) (재신규여부:Y, 결과코드:1920) | D14: 성공 | E14: 실패 | F14: 실패 | G14: 2.12 15:54:12 | H14: 381000331993 | I14: =IF(NOT(ISBLANK(G14))*NOT(ISBLANK(H14))=1, "O", "X") -> O

Sheet 삼성카드
A2: 카드사 | B2: 전문구분 | C2: 테스트 케이스 | D2: 해지 (900N02) (AC3/4111) | E2: 신규 (900N02) (AC3/4111) | F2: 재신규 (900N02) | G2: 확인 일시 | H2: 거래고유번호 | I2: 통과여부
A5: 삼성 | B5: 980001 | C5: 전체 조회 성공 | G5: 1.30 09:48:26 | H5: 365026607361 | I5: =IF(NOT(ISBLANK(G5))*NOT(ISBLANK(H5))=1, "O", "X") -> O
A6: 삼성 | B6: 980001 | C6: 요금별 조회 (요금구분코드 SET)
A7: 삼성 | B7: 980001 | C7: 페이징 처리 (목록 > 1) | G7: 1.30 09:48:27 | H7: 365026992273 | I7: =IF(NOT(ISBLANK(G7))*NOT(ISBLANK(H7))=1, "O", "X") -> O
A8: 삼성 | B8: 980002 | C8: 상세 조회 성공 | G8: 1.28 14:51:09 | H8: 365008748640 | I8: =IF(NOT(ISBLANK(G8))*NOT(ISBLANK(H8))=1, "O", "X") -> O
A9: 삼성 | B9: 980003 | C9: 변경 접수 성공 | G9: 1.28 14:17:55 | H9: 365055613173 | I9: =IF(NOT(ISBLANK(G9))*NOT(ISBLANK(H9))=1, "O", "X") -> O
A10: 삼성 | B10: 980004 | C10: 변경 결과 조회 (변경 성공) (재신규여부:N, 결과코드:0000) | D10: 성공 | E10: 성공 | G10: 1.28 15:35:10 | H10: 365010214057 | I10: =IF(NOT(ISBLANK(G10))*NOT(ISBLANK(H10))=1, "O", "X") -> O
A11: 삼성 | B11: 980004 | C11: 변경 결과 조회 (해지 실패) (재신규여부:N, 결과코드:1920) | D11: 실패 | G11: 1.28 16:40:30 | H11: 365030726748 | I11: =IF(NOT(ISBLANK(G11))*NOT(ISBLANK(H11))=1, "O", "X") -> O
A12: 삼성 | B12: 980004 | C12: 변경 결과 조회 (해지/(재)신규무응답) (재신규여부:N, 결과코드:1924) | D12: 성공 | E12: 무응답 | G12: 2.9 10:58:09 | H12: 365009269414 | I12: =IF(NOT(ISBLANK(G12))*NOT(ISBLANK(H12))=1, "O", "X") -> O
A13: 삼성 | B13: 980004 | C13: 변경 결과 조회 (해지/신규실패/재신규성공) (재신규여부:Y, 결과코드:0000) | D13: 성공 | E13: 실패 | F13: 성공 | G13: 2.20 15:37:07 | H13: 365007334571 | I13: =IF(NOT(ISBLANK(G13))*NOT(ISBLANK(H13))=1, "O", "X") -> O
A14: 삼성 | B14: 980004 | C14: 변경 결과 조회 (해지/신규실패/재신규실패) (재신규여부:Y, 결과코드:1920) | D14: 성공 | E14: 실패 | F14: 실패 | G14: 2.6 17:31:34 | H14: 365033963440 | I14: =IF(NOT(ISBLANK(G14))*NOT(ISBLANK(H14))=1, "O", "X") -> O

Sheet 롯데카드
A2: 카드사 | B2: 전문구분 | C2: 테스트 케이스 | D2: 해지 (900N02) (AC3/4111) | E2: 신규 (900N02) (AC3/4111) | F2: 재신규 (900N02) | G2: 확인 일시 | H2: 거래고유번호 | I2: 통과여부
A5: 롯데 | B5: 980001 | C5: 전체 조회 성공 | G5: 2.2 10:22:11 | H5: 368000000001 | I5: =IF(NOT(ISBLANK(G5))*NOT(ISBLANK(H5))=1, "O", "X") -> O
A6: 롯데 | B6: 980001 | C6: 요금별 조회 (요금구분코드 SET) | G6: 1.29 16:04:18 | H6: 3680L0000024 | I6: =IF(NOT(ISBLANK(G6))*NOT(ISBLANK(H6))=1, "O", "X") -> O
A7: 롯데 | B7: 980001 | C7: 페이징 처리 (목록 > 1) | G7: 2.4 18:54:52 | H7: 368000000023 | I7: =IF(NOT(ISBLANK(G7))*NOT(ISBLANK(H7))=1, "O", "X") -> O
A8: 롯데 | B8: 980002 | C8: 상세 조회 성공 | G8: 1.30 13:56:51 | H8: 368000000002 | I8: =IF(NOT(ISBLANK(G8))*NOT(ISBLANK(H8))=1, "O", "X") -> O
A9: 롯데 | B9: 980003 | C9: 변경 접수 성공 | G9: 1.29 19:37:59 | H9: 368000000060 | I9: =IF(NOT(ISBLANK(G9))*NOT(ISBLANK(H9))=1, "O", "X") -> O
A10: 롯데 | B10: 980004 | C10: 변경 결과 조회 (변경 성공) (재신규여부:N, 결과코드:0000) | D10: 성공 | E10: 성공 | G10: 2.6 21:18:48 | H10: 368000000030 | I10: =IF(NOT(ISBLANK(G10))*NOT(ISBLANK(H10))=1, "O", "X") -> O
A11: 롯데 | B11: 980004 | C11: 변경 결과 조회 (해지 실패) (재신규여부:N, 결과코드:1920) | D11: 실패 | G11: 1.29 21:11:14 | H11: 368000000072 | I11: =IF(NOT(ISBLANK(G11))*NOT(ISBLANK(H11))=1, "O", "X") -> O
A12: 롯데 | B12: 980004 | C12: 변경 결과 조회 (해지/신규무응답) (재신규여부:N, 결과코드:1924) | D12: 성공 | E12: 무응답 | G12: 2.13 13:18:28 | H12: 368000000002 | I12: =IF(NOT(ISBLANK(G12))*NOT(ISBLANK(H12))=1, "O", "X") -> O
A13: 롯데 | B13: 980004 | C13: 변경 결과 조회 (해지/신규실패/재신규성공) (재신규여부:Y, 결과코드:0000) | D13: 성공 | E13: 실패 | F13: 성공 | G13: 2.10 19:58:45 | H13: 368000000142 | I13: =IF(NOT(ISBLANK(G13))*NOT(ISBLANK(H13))=1, "O", "X") -> O
A14: 롯데 | B14: 980004 | C14: 변경 결과 조회 (해지/신규실패/재신규실패) (재신규여부:Y, 결과코드:1920) | D14: 성공 | E14: 실패 | F14: 실패 | G14: 2.10 20:09:58 | H14: 368000000149 | I14: =IF(NOT(ISBLANK(G14))*NOT(ISBLANK(H14))=1, "O", "X") -> O

Sheet 현대카드
A2: 카드사 | B2: 전문구분 | C2: 테스트 케이스 | D2: 해지 (900N02) (AC3/4111) | E2: 신규 (900N02) (AC3/4111) | F2: 재신규 (900N02) | G2: 확인 일시 | H2: 거래고유번호 | I2: 통과여부
A5: 현대 | B5: 980001 | C5: 전체 조회 성공 | G5: 2.2 09:51:45 | H5: 3670A0000001 | I5: =IF(NOT(ISBLANK(G5))*NOT(ISBLANK(H5))=1, "O", "X") -> O
A6: 현대 | B6: 980001 | C6: 요금별 조회 (요금구분코드 SET) | G6: 1.22 13:34:17 | H6: 367000000064 | I6: =IF(NOT(ISBLANK(G6))*NOT(ISBLANK(H6))=1, "O", "X") -> O
A7: 현대 | B7: 980001 | C7: 페이징 처리 (목록 > 1) | G7: 2.2 09:51:46 | H7: 3670A0000002 | I7: =IF(NOT(ISBLANK(G7))*NOT(ISBLANK(H7))=1, "O", "X") -> O
A8: 현대 | B8: 980002 | C8: 상세 조회 성공 | G8: 2.2 09:55:08 | H8: 3670B0000001 | I8: =IF(NOT(ISBLANK(G8))*NOT(ISBLANK(H8))=1, "O", "X") -> O
A9: 현대 | B9: 980003 | C9: 변경 접수 성공 | G9: 2.2 10:30:54 | H9: 3670C0000002 | I9: =IF(NOT(ISBLANK(G9))*NOT(ISBLANK(H9))=1, "O", "X") -> O
A10: 현대 | B10: 980004 | C10: 변경 결과 조회 (변경 성공) (재신규여부:N, 결과코드:0000) | D10: 성공 | E10: 성공 | G10: 1.26 15:05:09 | H10: 367000000002 | I10: =IF(NOT(ISBLANK(G10))*NOT(ISBLANK(H10))=1, "O", "X") -> O
A11: 현대 | B11: 980004 | C11: 변경 결과 조회 (해지 실패) (재신규여부:N, 결과코드:1920) | D11: 실패 | G11: 1.27 14:03:30 | H11: 367000000001 | I11: =IF(NOT(ISBLANK(G11))*NOT(ISBLANK(H11))=1, "O", "X") -> O
A12: 현대 | B12: 980004 | C12: 변경 결과 조회 (해지/신규무응답) (재신규여부:N, 결과코드:1924) | D12: 성공 | E12: 무응답 | G12: 1.28 14:12:23 | H12: 367000000008 | I12: =IF(NOT(ISBLANK(G12))*NOT(ISBLANK(H12))=1, "O", "X") -> O
A13: 현대 | B13: 980004 | C13: 변경 결과 조회 (해지/신규실패/재신규성공) (재신규여부:Y, 결과코드:0000) | D13: 성공 | E13: 실패 | F13: 성공 | G13: 2.20 09:29:56 | H13: 3670D0000006 | I13: =IF(NOT(ISBLANK(G13))*NOT(ISBLANK(H13))=1, "O", "X") -> O
A14: 현대 | B14: 980004 | C14: 변경 결과 조회 (해지/신규실패/재신규실패) (재신규여부:Y, 결과코드:1920) | D14: 성공 | E14: 실패 | F14: 실패 | G14: 1.30 13:57:57 | H14: 3670D0000002 | I14: =IF(NOT(ISBLANK(G14))*NOT(ISBLANK(H14))=1, "O", "X") -> O

Sheet 비씨카드
A2: 카드사 | B2: 전문구분 | C2: 테스트 케이스 | D2: 해지 (900N02) (AC3/4111) | E2: 신규 (900N02) (AC3/4111) | F2: 재신규 (900N02) | G2: 확인 일시 | H2: 거래고유번호 | I2: 통과여부
A5: 비씨 | B5: 980001 | C5: 전체 조회 성공 | G5: 1.30 14:17:00 | H5: 361000000309 | I5: =IF(NOT(ISBLANK(G5))*NOT(ISBLANK(H5))=1, "O", "X") -> O
A6: 비씨 | B6: 980001 | C6: 요금별 조회 (요금구분코드 SET) | G6: 2.9 10:52:40 | H6: 361000000553 | I6: =IF(NOT(ISBLANK(G6))*NOT(ISBLANK(H6))=1, "O", "X") -> O
A7: 비씨 | B7: 980001 | C7: 페이징 처리 (목록 > 1) | G7: 1.27 10:01:47 | H7: 361000000203 | I7: =IF(NOT(ISBLANK(G7))*NOT(ISBLANK(H7))=1, "O", "X") -> O
A8: 비씨 | B8: 980002 | C8: 상세 조회 성공 | G8: 1.30 14:18:32 | H8: 361000000310 | I8: =IF(NOT(ISBLANK(G8))*NOT(ISBLANK(H8))=1, "O", "X") -> O
A9: 비씨 | B9: 980003 | C9: 변경 접수 성공 | G9: 1.27 13:25:30 | H9: 361000000254 | I9: =IF(NOT(ISBLANK(G9))*NOT(ISBLANK(H9))=1, "O", "X") -> O
A10: 비씨 | B10: 980004 | C10: 변경 결과 조회 (변경 성공) (재신규여부:N, 결과코드:0000) | D10: 성공 | E10: 성공 | G10: 2.9 11:11:42 | H10: 361000000558 | I10: =IF(NOT(ISBLANK(G10))*NOT(ISBLANK(H10))=1, "O", "X") -> O
A11: 비씨 | B11: 980004 | C11: 변경 결과 조회 (해지 실패) (재신규여부:N, 결과코드:1920) | D11: 실패 | G11: 2.3 11:11:20 | H11: 361000000344 | I11: =IF(NOT(ISBLANK(G11))*NOT(ISBLANK(H11))=1, "O", "X") -> O
A12: 비씨 | B12: 980004 | C12: 변경 결과 조회 (해지/신규무응답) (재신규여부:N, 결과코드:1924) | D12: 성공 | E12: 무응답 | G12: 1.27 11:09:03 | H12: 361000000150 | I12: =IF(NOT(ISBLANK(G12))*NOT(ISBLANK(H12))=1, "O", "X") -> O
A13: 비씨 | B13: 980004 | C13: 변경 결과 조회 (해지/신규실패/재신규성공) (재신규여부:Y, 결과코드:0000) | D13: 성공 | E13: 실패 | F13: 성공 | G13: 1.27 13:27:47 | H13: 361000000213 | I13: =IF(NOT(ISBLANK(G13))*NOT(ISBLANK(H13))=1, "O", "X") -> O
A14: 비씨 | B14: 980004 | C14: 변경 결과 조회 (해지/신규실패/재신규실패) (재신규여부:Y, 결과코드:1920) | D14: 성공 | E14: 실패 | F14: 실패 | I14: =IF(NOT(ISBLANK(G14))*NOT(ISBLANK(H14))=1, "O", "X") -> X

Sheet 하나카드
A2: 카드사 | B2: 전문구분 | C2: 테스트 케이스 | D2: 해지 (900N02) (AC3/4111) | E2: 신규 (900N02) (AC3/4111) | F2: 재신규 (900N02) | G2: 확인 일시 | H2: 거래고유번호 | I2: 통과여부
A5: 하나 | B5: 980001 | C5: 전체 조회 성공 | G5: 2.2 09:59:42 | H5: 374070129363 | I5: =IF(NOT(ISBLANK(G5))*NOT(ISBLANK(H5))=1, "O", "X") -> O
A6: 하나 | B6: 980001 | C6: 요금별 조회 (요금구분코드 SET) | G6: 1.27 18:43:08 | H6: 374090000269 | I6: =IF(NOT(ISBLANK(G6))*NOT(ISBLANK(H6))=1, "O", "X") -> O
A7: 하나 | B7: 980001 | C7: 페이징 처리 (목록 > 1) | G7: 2.2 09:59:42 | H7: 374070129365 | I7: =IF(NOT(ISBLANK(G7))*NOT(ISBLANK(H7))=1, "O", "X") -> O
A8: 하나 | B8: 980002 | C8: 상세 조회 성공 | G8: 2.2 09:54:54 | H8: 374060129311 | I8: =IF(NOT(ISBLANK(G8))*NOT(ISBLANK(H8))=1, "O", "X") -> O
A9: 하나 | B9: 980003 | C9: 변경 접수 성공 | G9: 2.2 10:00:32 | H9: 374080129391 | I9: =IF(NOT(ISBLANK(G9))*NOT(ISBLANK(H9))=1, "O", "X") -> O
A10: 하나 | B10: 980004 | C10: 변경 결과 조회 (변경 성공) (재신규여부:N, 결과코드:0000) | D10: 성공 | E10: 성공 | G10: 2.2 14:00:12 | H10: 374050129598 | I10: =IF(NOT(ISBLANK(G10))*NOT(ISBLANK(H10))=1, "O", "X") -> O
A11: 하나 | B11: 980004 | C11: 변경 결과 조회 (해지 실패) (재신규여부:N, 결과코드:1920) | D11: 실패 | G11: 2.2 10:00:32 | H11: 374080129393 | I11: =IF(NOT(ISBLANK(G11))*NOT(ISBLANK(H11))=1, "O", "X") -> O
A12: 하나 | B12: 980004 | C12: 변경 결과 조회 (해지/신규무응답) (재신규여부:N, 결과코드:1924) | D12: 성공 | E12: 무응답 | G12: 1.28 21:36:43 | H12: 374011012742 | I12: =IF(NOT(ISBLANK(G12))*NOT(ISBLANK(H12))=1, "O", "X") -> O
A13: 하나 | B13: 980004 | C13: 변경 결과 조회 (해지/신규실패/재신규성공) (재신규여부:Y, 결과코드:0000) | D13: 성공 | E13: 실패 | F13: 성공 | G13: 1.30 14:28:31 | H13: 374040129043 | I13: =IF(NOT(ISBLANK(G13))*NOT(ISBLANK(H13))=1, "O", "X") -> O
A14: 하나 | B14: 980004 | C14: 변경 결과 조회 (해지/신규실패/재신규실패) (재신규여부:Y, 결과코드:1920) | D14: 성공 | E14: 실패 | F14: 실패 | G14: 1.30 17:45:50 | H14: 374080129189 | I14: =IF(NOT(ISBLANK(G14))*NOT(ISBLANK(H14))=1, "O", "X") -> O

Sheet 신한카드
A2: 카드사 | B2: 전문구분 | C2: 테스트 케이스 | D2: 해지 (900N02) (AC3/4111) | E2: 신규 (900N02) (AC3/4111) | F2: 재신규 (900N02) | G2: 확인 일시 | H2: 거래고유번호 | I2: 통과여부
A5: 신한 | B5: 980001 | C5: 전체 조회 성공
A6: 신한 | B6: 980001 | C6: 요금별 조회 (요금구분코드 SET) | G6: 1.30 10:21:42 | H6: 366010214290 | I6: =IF(NOT(ISBLANK(G6))*NOT(ISBLANK(H6))=1, "O", "X") -> O
A7: 신한 | B7: 980001 | C7: 페이징 처리 (목록 > 1) | G7: 2.5 14:28:15 | H7: 366014281499 | I7: =IF(NOT(ISBLANK(G7))*NOT(ISBLANK(H7))=1, "O", "X") -> O
A8: 신한 | B8: 980002 | C8: 상세 조회 성공 | G8: 1.29 15:23:02 | H8: 366015230196 | I8: =IF(NOT(ISBLANK(G8))*NOT(ISBLANK(H8))=1, "O", "X") -> O
A9: 신한 | B9: 980003 | C9: 변경 접수 성공 | G9: 1.29 15:23:22 | H9: 366015232277 | I9: =IF(NOT(ISBLANK(G9))*NOT(ISBLANK(H9))=1, "O", "X") -> O
A10: 신한 | B10: 980004 | C10: 변경 결과 조회 (변경 성공) (재신규여부:N, 결과코드:0000) | D10: 성공 | E10: 성공 | G10: 2.24 16:54:26 | H10: 366016542680 | I10: =IF(NOT(ISBLANK(G10))*NOT(ISBLANK(H10))=1, "O", "X") -> O
A11: 신한 | B11: 980004 | C11: 변경 결과 조회 (해지 실패) (재신규여부:N, 결과코드:1920) | D11: 실패 | G11: 1.29 15:27:49 | H11: 366015274917 | I11: =IF(NOT(ISBLANK(G11))*NOT(ISBLANK(H11))=1, "O", "X") -> O
A12: 신한 | B12: 980004 | C12: 변경 결과 조회 (해지/신규무응답) (재신규여부:N, 결과코드:1924) | D12: 성공 | E12: 무응답 | G12: 1.27 17:10:39 | H12: 366017103904 | I12: =IF(NOT(ISBLANK(G12))*NOT(ISBLANK(H12))=1, "O", "X") -> O
A13: 신한 | B13: 980004 | C13: 변경 결과 조회 (해지/신규실패/재신규성공) (재신규여부:Y, 결과코드:0000) | D13: 성공 | E13: 실패 | F13: 성공 | G13: 2.26 10:32:37 | H13: 366010323668 | I13: =IF(NOT(ISBLANK(G13))*NOT(ISBLANK(H13))=1, "O", "X") -> O
A14: 신한 | B14: 980004 | C14: 변경 결과 조회 (해지/신규실패/재신규실패) (재신규여부:Y, 결과코드:1920) | D14: 성공 | E14: 실패 | F14: 실패 | G14: 2.26 11:26:54 | H14: 366011265431 | I14: =IF(NOT(ISBLANK(G14))*NOT(ISBLANK(H14))=1, "O", "X") -> O

Sheet 농협카드
A2: 카드사 | B2: 전문구분 | C2: 테스트 케이스 | D2: 해지 (900N02) (AC3/4111) | E2: 신규 (900N02) (AC3/4111) | F2: 재신규 (900N02) | G2: 확인 일시 | H2: 거래고유번호 | I2: 통과여부
A5: 농협 | B5: 980001 | C5: 전체 조회 성공 | G5: 2.2 09:16:01 | H5: 011002003577 | I5: =IF(NOT(ISBLANK(G5))*NOT(ISBLANK(H5))=1, "O", "X") -> O
A6: 농협 | B6: 980001 | C6: 요금별 조회 (요금구분코드 SET) | G6: 2.5 17:01:58 | H6: 011005005121 | I6: =IF(NOT(ISBLANK(G6))*NOT(ISBLANK(H6))=1, "O", "X") -> O
A7: 농협 | B7: 980001 | C7: 페이징 처리 (목록 > 1) | G7: 2.5 16::56:14 | H7: 011005005110 | I7: =IF(NOT(ISBLANK(G7))*NOT(ISBLANK(H7))=1, "O", "X") -> O
A8: 농협 | B8: 980002 | C8: 상세 조회 성공 | G8: 1.29 18:42:34 | H8: 011029002935 | I8: =IF(NOT(ISBLANK(G8))*NOT(ISBLANK(H8))=1, "O", "X") -> O
A9: 농협 | B9: 980003 | C9: 변경 접수 성공 | G9: 2.2 18:43:56: | H9: 011002003959 | I9: =IF(NOT(ISBLANK(G9))*NOT(ISBLANK(H9))=1, "O", "X") -> O
A10: 농협 | B10: 980004 | C10: 변경 결과 조회 (변경 성공) (재신규여부:N, 결과코드:0000) | D10: 성공 | E10: 성공 | G10: 2.26 09:22:57 | H10: 011026010744 | I10: =IF(NOT(ISBLANK(G10))*NOT(ISBLANK(H10))=1, "O", "X") -> O
A11: 농협 | B11: 980004 | C11: 변경 결과 조회 (해지 실패) (재신규여부:N, 결과코드:1920) | D11: 실패 | G11: 2.2 19:38:51 | H11: 011002003966 | I11: =IF(NOT(ISBLANK(G11))*NOT(ISBLANK(H11))=1, "O", "X") -> O
A12: 농협 | B12: 980004 | C12: 변경 결과 조회 (해지/신규무응답) (재신규여부:N, 결과코드:1924) | D12: 성공 | E12: 무응답 | G12: 2.6 13:43:01 | H12: 011006005322 | I12: =IF(NOT(ISBLANK(G12))*NOT(ISBLANK(H12))=1, "O", "X") -> O
A13: 농협 | B13: 980004 | C13: 변경 결과 조회 (해지/신규실패/재신규성공) (재신규여부:Y, 결과코드:0000) | D13: 성공 | E13: 실패 | F13: 성공 | G13: 2.6 13:41:52 | H13: 011006005302 | I13: =IF(NOT(ISBLANK(G13))*NOT(ISBLANK(H13))=1, "O", "X") -> O
A14: 농협 | B14: 980004 | C14: 변경 결과 조회 (해지/신규실패/재신규실패) (재신규여부:Y, 결과코드:1920) | D14: 성공 | E14: 실패 | F14: 실패 | I14: =IF(NOT(ISBLANK(G14))*NOT(ISBLANK(H14))=1, "O", "X") -> X

Sheet 전북은행카드
A2: 카드사 | B2: 전문구분 | C2: 테스트 케이스 | D2: 해지 (900N02) (AC3/4111) | E2: 신규 (900N02) (AC3/4111) | F2: 재신규 (900N02) | G2: 확인 일시 | H2: 거래고유번호 | I2: 통과여부
A5: 전북 | B5: 980001 | C5: 전체 조회 성공 | I5: =IF(NOT(ISBLANK(G5))*NOT(ISBLANK(H5))=1, "O", "X") -> X
A6: 전북 | B6: 980001 | C6: 요금별 조회 (요금구분코드 SET) | I6: =IF(NOT(ISBLANK(G6))*NOT(ISBLANK(H6))=1, "O", "X") -> X
A7: 전북 | B7: 980001 | C7: 페이징 처리 (목록 > 1) | I7: =IF(NOT(ISBLANK(G7))*NOT(ISBLANK(H7))=1, "O", "X") -> X
A8: 전북 | B8: 980002 | C8: 상세 조회 성공 | I8: =IF(NOT(ISBLANK(G8))*NOT(ISBLANK(H8))=1, "O", "X") -> X
A9: 전북 | B9: 980003 | C9: 변경 접수 성공 | I9: =IF(NOT(ISBLANK(G9))*NOT(ISBLANK(H9))=1, "O", "X") -> X
A10: 전북 | B10: 980004 | C10: 변경 결과 조회 (변경 성공) (재신규여부:N, 결과코드:0000) | D10: 성공 | E10: 성공 | I10: =IF(NOT(ISBLANK(G10))*NOT(ISBLANK(H10))=1, "O", "X") -> X
A11: 전북 | B11: 980004 | C11: 변경 결과 조회 (해지 실패) (재신규여부:N, 결과코드:1920) | D11: 실패 | I11: =IF(NOT(ISBLANK(G11))*NOT(ISBLANK(H11))=1, "O", "X") -> X
A12: 전북 | B12: 980004 | C12: 변경 결과 조회 (해지/신규무응답) (재신규여부:N, 결과코드:1924) | D12: 성공 | E12: 무응답 | I12: =IF(NOT(ISBLANK(G12))*NOT(ISBLANK(H12))=1, "O", "X") -> X
A13: 전북 | B13: 980004 | C13: 변경 결과 조회 (해지/신규실패/재신규성공) (재신규여부:Y, 결과코드:0000) | D13: 성공 | E13: 실패 | F13: 성공 | I13: =IF(NOT(ISBLANK(G13))*NOT(ISBLANK(H13))=1, "O", "X") -> X
A14: 전북 | B14: 980004 | C14: 변경 결과 조회 (해지/신규실패/재신규실패) (재신규여부:Y, 결과코드:1920) | D14: 성공 | E14: 실패 | F14: 실패 | I14: =IF(NOT(ISBLANK(G14))*NOT(ISBLANK(H14))=1, "O", "X") -> X

Sheet 토스뱅크
A2: 카드사 | B2: 전문구분 | C2: 테스트 케이스 | D2: 해지 (900N02) (AC3/4111) | E2: 신규 (900N02) (AC3/4111) | F2: 재신규 (900N02) | G2: 확인 일시 | H2: 거래고유번호 | I2: 통과여부
A5: 토스뱅크 (하나) | B5: 980003 | C5: 변경 접수 성공 | G5: 1.27 18:44:46 | H5: 374090000271 | I5: =IF(NOT(ISBLANK(G5))*NOT(ISBLANK(H5))=1, "O", "X") -> O

Sheet 전북은행
A2: 카드사 | B2: 전문구분 | C2: 테스트 케이스 | D2: 해지 (900N02) (AC3/4111) | E2: 신규 (900N02) (AC3/4111) | F2: 재신규 (900N02) | G2: 확인 일시 | H2: 거래고유번호 | I2: 통과여부
A5: 전북은행 (국민) | B5: 980003 | C5: 변경 접수 성공 | G5: 2.2 09:40:01 | H5: 381000323793 | I5: =IF(NOT(ISBLANK(G5))*NOT(ISBLANK(H5))=1, "O", "X") -> O

Sheet 케이뱅크
A2: 카드사 | B2: 전문구분 | C2: 테스트 케이스 | D2: 해지 (900N02) (AC3/4111) | E2: 신규 (900N02) (AC3/4111) | F2: 재신규 (900N02) | G2: 확인 일시 | H2: 거래고유번호 | I2: 통과여부
A5: 케이뱅크 (BC) | B5: 980003 | C5: 변경 접수 성공 | I5: =IF(NOT(ISBLANK(G5))*NOT(ISBLANK(H5))=1, "O", "X") -> X
